id,first_name,last_name,email,gender,phone
1,Branden,Roycroft,broycroft0@gmpg.org,Male,234-879-4326
2,Philipa,Lafaye,plafaye1@latimes.com,Female,153-412-1262
3,Donnamarie,Pacher,dpacher2@about.me,Female,848-193-5558
4,Quent,Deville,qdeville3@reference.com,Male,790-992-9633
5,Field,Maus,fmaus4@narod.ru,Male,621-299-5413
6,Bear,Holdall,bholdall5@chronoengine.com,Male,527-960-6808
7,Abigael,Kalisch,akalisch6@mayoclinic.com,Female,255-946-6604
8,Anett,Smeaton,asmeaton7@oakley.com,Female,231-524-6869
9,Daniel,Boagey,dboagey8@nydailynews.com,Male,466-363-0610
10,Juli,O'Reagan,joreagan9@skyrock.com,Female,556-636-5542
11,Maudie,Smolan,msmolana@delicious.com,Female,985-829-3483
12,Irena,Whartonby,iwhartonbyb@businessweek.com,Female,501-557-1910
13,Cyrill,Poltone,cpoltonec@free.fr,Male,403-150-3052
14,Dru,Bumpas,dbumpasd@geocities.com,Male,621-613-0226
15,Cassie,Willoughby,cwilloughbye@tamu.edu,Female,131-675-0834
16,Izzy,Mickelwright,imickelwrightf@rambler.ru,Male,852-772-6931
17,Caro,Quartley,cquartleyg@clickbank.net,Female,538-507-7941
18,Fionna,Casperri,fcasperrih@posterous.com,Female,446-534-6779
19,Jess,Tyas,jtyasi@shutterfly.com,Male,327-285-2487
20,Skippie,Ludgate,sludgatej@dailymotion.com,Male,148-346-8122
21,Jasmina,Tibald,jtibaldk@macromedia.com,Female,445-275-1769
22,Suzanna,Aleksahkin,saleksahkinl@last.fm,Female,661-417-9543
23,Pauli,Neate,pneatem@latimes.com,Female,667-566-1643
24,Jemmie,McMorran,jmcmorrann@icq.com,Female,226-502-9265
25,Brandise,Sadlier,bsadliero@lulu.com,Female,279-662-6832
26,Linea,Titlow,ltitlowp@dailymail.co.uk,Female,159-587-1797
27,Alena,Gledhill,agledhillq@indiegogo.com,Female,544-238-0219
28,Chadwick,Skae,cskaer@mapy.cz,Male,202-739-4012
29,Kirk,Forten,kfortens@fotki.com,Male,583-729-7642
30,Edythe,Weeden,eweedent@netlog.com,Female,201-158-6335
31,Darb,Foyster,dfoysteru@businessinsider.com,Male,854-911-7042
32,Jany,Gornar,jgornarv@indiegogo.com,Female,490-913-1752
33,Silvie,Aspin,saspinw@state.gov,Female,839-631-6953
34,Ware,Mazzei,wmazzeix@vistaprint.com,Male,747-838-7316
35,Mariam,Lampel,mlampely@stanford.edu,Female,126-775-0963
36,Harrietta,Ellul,hellulz@g.co,Female,432-788-9746
37,Herb,Tantum,htantum10@utexas.edu,Male,232-387-1024
38,Grady,Heaslip,gheaslip11@intel.com,Male,884-637-6200
39,Orella,Bechley,obechley12@mashable.com,Female,881-360-1851
40,Kory,Standidge,kstandidge13@e-recht24.de,Male,277-966-4912
41,Shara,Aukland,saukland14@rakuten.co.jp,Female,652-548-6412
42,Barry,Dykes,bdykes15@cam.ac.uk,Female,264-439-4003
43,Sean,Dupoy,sdupoy16@vistaprint.com,Male,950-575-9256
44,Sidney,Kershaw,skershaw17@cmu.edu,Male,739-124-6290
45,Dalis,Donat,ddonat18@webnode.com,Male,461-218-5676
46,Meriel,Tuvey,mtuvey19@ifeng.com,Female,943-267-9845
47,Adelaide,Toon,atoon1a@arstechnica.com,Female,874-524-3895
48,Cindy,de Courcy,cdecourcy1b@unc.edu,Female,357-351-7138
49,Feliks,Patzelt,fpatzelt1c@cornell.edu,Male,217-953-8423
50,Paolina,Bettles,pbettles1d@oracle.com,Female,324-242-1252
51,Simeon,Wathan,swathan1e@so-net.ne.jp,Male,682-137-5478
52,Ruddie,Christensen,rchristensen1f@vk.com,Male,455-155-6572
53,Nicoli,Rosterne,nrosterne1g@myspace.com,Female,346-248-8142
54,Ethelbert,Donnelly,edonnelly1h@google.com.hk,Male,470-380-2587
55,Meade,Wynn,mwynn1i@ucoz.ru,Male,766-244-1946
56,Happy,Arkill,harkill1j@boston.com,Female,822-610-8740
57,Colette,Warboy,cwarboy1k@fotki.com,Female,264-915-3348
58,Niki,Boots,nboots1l@jigsy.com,Female,741-219-4603
59,Rosette,Annis,rannis1m@disqus.com,Female,534-967-7655
60,Dennison,Bodill,dbodill1n@csmonitor.com,Male,349-326-9138
61,Hertha,Gregoli,hgregoli1o@cmu.edu,Female,392-674-5165
62,Samson,Flintoft,sflintoft1p@ucoz.ru,Male,833-190-4514
63,Candida,Tomkiss,ctomkiss1q@toplist.cz,Female,906-323-3595
64,Kendall,Pendergast,kpendergast1r@list-manage.com,Male,116-280-6863
65,Carie,Lafontaine,clafontaine1s@arstechnica.com,Female,226-160-8703
66,Hersh,Brabon,hbrabon1t@amazon.com,Male,892-880-9306
67,Neille,Coulter,ncoulter1u@jugem.jp,Female,156-114-3857
68,Sheppard,Wood,swood1v@aboutads.info,Male,152-846-5801
69,Grenville,Giroldo,ggiroldo1w@tumblr.com,Male,403-202-5471
70,Odetta,Leyre,oleyre1x@prweb.com,Female,928-338-3187
71,Berny,Abad,babad1y@apache.org,Female,860-800-9626
72,Prentiss,Greason,pgreason1z@theatlantic.com,Male,697-543-9483
73,Leila,Mullin,lmullin20@51.la,Female,569-874-8635
74,Rik,Etter,retter21@tripadvisor.com,Male,608-263-2924
75,Sheelah,Pridding,spridding22@stumbleupon.com,Female,219-950-3251
76,Arley,Brougham,abrougham23@flickr.com,Male,238-312-6454
77,Antonella,Whyffen,awhyffen24@dion.ne.jp,Female,200-776-3321
78,Shaughn,Titchener,stitchener25@redcross.org,Male,295-975-8701
79,Wadsworth,oldey,woldey26@google.pl,Male,466-907-1044
80,Aida,Gammett,agammett27@homestead.com,Female,470-695-7429
81,Eldredge,Duberry,eduberry28@stumbleupon.com,Male,734-639-2852
82,Johanna,Dennison,jdennison29@jigsy.com,Female,194-503-6045
83,Erick,Boothe,eboothe2a@biglobe.ne.jp,Male,820-804-3431
84,Elana,Vobes,evobes2b@elegantthemes.com,Female,551-343-2830
85,Peadar,Hugonet,phugonet2c@wsj.com,Male,883-478-4171
86,Kathryn,Cheavin,kcheavin2d@mtv.com,Female,677-391-3825
87,Andree,Burburough,aburburough2e@odnoklassniki.ru,Female,126-105-6283
88,Ellissa,Goddert.sf,egoddertsf2f@geocities.jp,Female,188-106-4561
89,Jeno,Walas,jwalas2g@phoca.cz,Male,123-464-4492
90,Zelda,Dumberell,zdumberell2h@hugedomains.com,Female,740-748-8371
91,Elle,Shortall,eshortall2i@abc.net.au,Female,944-269-5898
92,Gwyneth,Rivett,grivett2j@illinois.edu,Female,549-389-0775
93,Jase,Greenley,jgreenley2k@myspace.com,Male,134-394-4599
94,Ody,O' Gara,oogara2l@bbb.org,Male,156-514-6772
95,Gerrie,Quilliam,gquilliam2m@icq.com,Female,121-126-6110
96,Hyatt,Hoy,hhoy2n@bloglines.com,Male,305-638-3893
97,Durand,Lambird,dlambird2o@springer.com,Male,266-785-6317
98,Mariana,Busen,mbusen2p@earthlink.net,Female,266-962-6116
99,Kass,Lockhart,klockhart2q@hexun.com,Female,706-208-4154
100,Doy,Anthiftle,danthiftle2r@topsy.com,Male,982-626-0600
101,Allys,Songhurst,asonghurst2s@bbb.org,Female,643-956-4217
102,Annmarie,Jupe,ajupe2t@biblegateway.com,Female,499-959-8219
103,Chaim,Wase,cwase2u@independent.co.uk,Male,512-102-9847
104,Alexandre,Dawbery,adawbery2v@studiopress.com,Male,505-476-0508
105,Fred,Shakeshaft,fshakeshaft2w@nifty.com,Female,443-929-4755
106,Marlo,Duckit,mduckit2x@bizjournals.com,Male,666-363-8920
107,West,Whorall,wwhorall2y@homestead.com,Male,163-694-6268
108,Lyndsie,Carl,lcarl2z@europa.eu,Female,249-490-5656
109,Giorgi,Liddicoat,gliddicoat30@ox.ac.uk,Male,917-397-2693
110,Alexis,Menham,amenham31@usatoday.com,Male,905-762-6336
111,Fee,Macy,fmacy32@nhs.uk,Male,869-265-6746
112,Babette,Fulger,bfulger33@unc.edu,Female,353-201-9642
113,Rolando,Joliffe,rjoliffe34@lycos.com,Male,762-767-2380
114,Ax,Moorwood,amoorwood35@squidoo.com,Male,632-381-3127
115,Euell,Timcke,etimcke36@dailymotion.com,Male,184-519-3676
116,Tod,McCathay,tmccathay37@va.gov,Male,744-724-8648
117,Chrissie,Pentony,cpentony38@apache.org,Male,192-847-2733
118,Holt,Bittleson,hbittleson39@oakley.com,Male,904-747-7081
119,Katherine,Sandeland,ksandeland3a@privacy.gov.au,Female,275-112-7876
120,Chere,Hallows,challows3b@php.net,Female,221-475-9408
121,Nelson,Pretley,npretley3c@exblog.jp,Male,373-185-8694
122,Kiele,Sheircliffe,ksheircliffe3d@army.mil,Female,930-370-5698
123,Cthrine,Brakespear,cbrakespear3e@fc2.com,Female,134-509-3166
124,Elmira,Oswal,eoswal3f@cpanel.net,Female,253-988-9094
125,Ram,Uttley,ruttley3g@meetup.com,Male,576-794-2255
126,Josepha,Siege,jsiege3h@nih.gov,Female,806-831-2319
127,Gannie,Proudlove,gproudlove3i@samsung.com,Male,532-579-2756
128,Wolfgang,Gethin,wgethin3j@wikipedia.org,Male,786-449-5922
129,Vasili,Gallanders,vgallanders3k@zimbio.com,Male,164-998-5287
130,Vergil,Goalley,vgoalley3l@storify.com,Male,210-323-1733
131,Sophronia,Bickers,sbickers3m@miitbeian.gov.cn,Female,874-819-6965
132,Delbert,Lammerts,dlammerts3n@omniture.com,Male,665-991-1606
133,Porty,MacLardie,pmaclardie3o@tamu.edu,Male,941-763-3879
134,Wilburt,Grzeszczak,wgrzeszczak3p@altervista.org,Male,552-831-2670
135,Webster,Juliff,wjuliff3q@moonfruit.com,Male,577-903-5685
136,Ralina,Pitkin,rpitkin3r@fastcompany.com,Female,732-837-8690
137,Matty,Salman,msalman3s@gizmodo.com,Male,283-789-3822
138,Helga,Dressell,hdressell3t@goo.ne.jp,Female,709-251-7110
139,Waldemar,Keyes,wkeyes3u@businessweek.com,Male,968-438-4770
140,Sunny,Alfonsini,salfonsini3v@imageshack.us,Male,400-811-6316
141,Lyon,Slay,lslay3w@bizjournals.com,Male,828-777-2813
142,Pail,Seys,pseys3x@businessinsider.com,Male,474-874-2094
143,Danika,Ducastel,dducastel3y@dion.ne.jp,Female,762-311-4613
144,Sharona,Boother,sboother3z@cafepress.com,Female,191-920-3000
145,Pauline,Caverhill,pcaverhill40@weebly.com,Female,503-571-3137
146,Hiram,Dallman,hdallman41@apple.com,Male,957-320-4694
147,Kelli,Pauluzzi,kpauluzzi42@prnewswire.com,Female,778-916-4405
148,Brendon,McCathy,bmccathy43@arizona.edu,Male,668-600-7308
149,Davita,Jerdon,djerdon44@bizjournals.com,Female,535-291-8069
150,Gunter,Ballach,gballach45@nydailynews.com,Male,439-796-3740
151,Nari,Richardsson,nrichardsson46@wsj.com,Female,979-715-5146
152,Birgitta,Sandhill,bsandhill47@amazon.de,Female,573-958-1939
153,Jobey,Skirvane,jskirvane48@cam.ac.uk,Female,493-178-7657
154,Delano,Pettisall,dpettisall49@mapquest.com,Male,199-716-7463
155,Martino,Lympany,mlympany4a@drupal.org,Male,301-521-8561
156,Maureene,Kelk,mkelk4b@infoseek.co.jp,Female,419-360-0201
157,Elyn,Ricardot,ericardot4c@umich.edu,Female,873-136-5486
158,Dael,Lenney,dlenney4d@mozilla.org,Male,459-366-8915
159,Aloin,Greger,agreger4e@irs.gov,Male,210-787-0558
160,Radcliffe,Gallally,rgallally4f@ocn.ne.jp,Male,618-609-8509
161,Eustace,Ison,eison4g@mtv.com,Male,210-330-7162
162,Poul,Eason,peason4h@histats.com,Male,637-447-3596
163,Sonny,Shotter,sshotter4i@ycombinator.com,Male,487-224-8802
164,Raffarty,Bowie,rbowie4j@ftc.gov,Male,689-418-2656
165,Angel,Blewmen,ablewmen4k@harvard.edu,Male,178-569-0564
166,Hieronymus,Meehan,hmeehan4l@spiegel.de,Male,123-532-5757
167,Felecia,Scamal,fscamal4m@artisteer.com,Female,881-582-7413
168,Valenka,Gillings,vgillings4n@facebook.com,Female,951-515-5064
169,Welsh,Renoden,wrenoden4o@slashdot.org,Male,630-713-5429
170,Mathe,Wickett,mwickett4p@google.com.hk,Male,445-352-1591
171,Seana,Coveny,scoveny4q@com.com,Female,618-892-2586
172,Arther,Whittet,awhittet4r@slideshare.net,Male,935-865-3744
173,Boyd,Simonds,bsimonds4s@pagesperso-orange.fr,Male,817-603-1519
174,Tamera,Lackey,tlackey4t@sogou.com,Female,664-677-0217
175,Romy,Antrag,rantrag4u@prweb.com,Female,863-976-2708
176,Clo,Petrovsky,cpetrovsky4v@youtu.be,Female,623-446-5986
177,Arley,Brabin,abrabin4w@cdbaby.com,Male,958-214-5389
178,Charlotte,Saynor,csaynor4x@craigslist.org,Female,847-244-5157
179,Keen,Elloy,kelloy4y@eventbrite.com,Male,807-829-0685
180,Abdul,Cann,acann4z@phoca.cz,Male,264-746-3299
181,Case,Ruegg,cruegg50@redcross.org,Male,962-328-2281
182,Farlay,Ruppeli,fruppeli51@dropbox.com,Male,962-520-2950
183,Jehanna,Kelleway,jkelleway52@unicef.org,Female,190-315-2939
184,Vaughn,Biford,vbiford53@mozilla.com,Male,540-311-6160
185,Lombard,Betonia,lbetonia54@google.com.br,Male,666-806-3099
186,Webb,Hannigan,whannigan55@twitpic.com,Male,393-559-2540
187,Dalston,Nuzzi,dnuzzi56@cyberchimps.com,Male,925-121-3605
188,Lesli,Busek,lbusek57@icq.com,Female,267-438-2721
189,Jonathon,Holttom,jholttom58@cnn.com,Male,700-870-2178
190,Garek,Simakov,gsimakov59@nih.gov,Male,631-831-3815
191,Giulietta,Guppie,gguppie5a@furl.net,Female,152-470-7319
192,Tremayne,Britto,tbritto5b@digg.com,Male,822-609-7376
193,Ansell,McSorley,amcsorley5c@scribd.com,Male,874-965-2055
194,Vittorio,Agnolo,vagnolo5d@cyberchimps.com,Male,254-269-1869
195,Ignazio,Ayars,iayars5e@hubpages.com,Male,413-446-5491
196,Shawnee,Allwright,sallwright5f@earthlink.net,Female,557-877-5192
197,Annabel,Briscow,abriscow5g@europa.eu,Female,988-400-9839
198,Keenan,Talby,ktalby5h@mail.ru,Male,164-517-6769
199,Tildie,Iverson,tiverson5i@plala.or.jp,Female,421-665-0317
200,Jamill,Eake,jeake5j@cornell.edu,Male,901-138-1068
201,Robinet,Patry,rpatry5k@msu.edu,Male,522-790-3718
202,Giorgio,Greir,ggreir5l@tumblr.com,Male,370-252-3223
203,Fawnia,Petegrew,fpetegrew5m@exblog.jp,Female,805-425-8674
204,Curcio,Hailey,chailey5n@hibu.com,Male,312-849-6207
205,Frankie,Rambadt,frambadt5o@ft.com,Male,511-979-7298
206,Tiffanie,Paaso,tpaaso5p@icq.com,Female,303-359-0880
207,Stanfield,Giacometti,sgiacometti5q@wisc.edu,Male,335-261-7132
208,Kameko,Gostridge,kgostridge5r@google.pl,Female,502-684-4173
209,Fonzie,Kliche,fkliche5s@amazonaws.com,Male,505-989-3610
210,Leonard,Crankhorn,lcrankhorn5t@deliciousdays.com,Male,522-979-4766
211,Tuckie,Chagg,tchagg5u@npr.org,Male,840-654-8868
212,Aluino,Buckston,abuckston5v@surveymonkey.com,Male,267-945-0181
213,Konstantin,O' Hanvey,kohanvey5w@nytimes.com,Male,835-419-4762
214,Raina,Cecchetelli,rcecchetelli5x@wired.com,Female,359-849-7219
215,Brant,Daborn,bdaborn5y@hhs.gov,Male,209-944-3041
216,Luce,Brierley,lbrierley5z@ibm.com,Female,249-809-3523
217,Martino,Kippen,mkippen60@oaic.gov.au,Male,104-512-1046
218,Hannah,Kynaston,hkynaston61@sina.com.cn,Female,275-758-6132
219,Ellerey,Billin,ebillin62@dedecms.com,Male,971-942-8360
220,Brendan,Carlino,bcarlino63@rambler.ru,Male,803-883-8351
221,Barry,Owers,bowers64@bing.com,Female,560-962-1774
222,Alric,Ormiston,aormiston65@hexun.com,Male,125-341-7470
223,Roger,Aizikovitch,raizikovitch66@google.it,Male,911-164-3167
224,Cordy,Giraudou,cgiraudou67@sbwire.com,Female,553-359-1283
225,Gabriele,Gallihawk,ggallihawk68@ibm.com,Male,669-861-0255
226,Rodrique,Flintoff,rflintoff69@samsung.com,Male,280-956-6046
227,Urbain,Dunks,udunks6a@joomla.org,Male,665-231-8333
228,Annecorinne,Mauro,amauro6b@ezinearticles.com,Female,750-549-5469
229,Peria,Morley,pmorley6c@hostgator.com,Female,930-278-5807
230,Domini,Kwietek,dkwietek6d@studiopress.com,Female,466-662-4221
231,Rustie,Hancell,rhancell6e@theatlantic.com,Male,214-661-4186
232,Norean,Wheelton,nwheelton6f@dailymail.co.uk,Female,903-652-4944
233,Casey,Stebbings,cstebbings6g@pbs.org,Female,986-561-2694
234,Lydia,Thorley,lthorley6h@scientificamerican.com,Female,619-458-9184
235,Jae,Aisman,jaisman6i@mysql.com,Male,828-855-7534
236,Papagena,Brenston,pbrenston6j@dmoz.org,Female,314-786-1247
237,Georges,Althorp,galthorp6k@blogspot.com,Male,778-651-5173
238,Romola,Behan,rbehan6l@fotki.com,Female,659-861-2124
239,Sarene,Maddocks,smaddocks6m@uol.com.br,Female,257-252-4560
240,Bessy,Askin,baskin6n@mapy.cz,Female,438-544-9371
241,Nickolai,Barrowcliff,nbarrowcliff6o@gizmodo.com,Male,811-542-8580
242,Ephrem,Tuson,etuson6p@yelp.com,Male,278-577-1406
243,Rod,Haddacks,rhaddacks6q@mlb.com,Male,219-101-4736
244,Branden,Treswell,btreswell6r@springer.com,Male,361-178-8316
245,Ana,Ragles,aragles6s@kickstarter.com,Female,183-140-5359
246,Ruperto,Sallter,rsallter6t@microsoft.com,Male,823-121-3891
247,Vitoria,Keelin,vkeelin6u@illinois.edu,Female,558-707-4833
248,Yurik,Lorraine,ylorraine6v@buzzfeed.com,Male,394-501-0821
249,Adriano,Beddin,abeddin6w@businesswire.com,Male,104-604-0974
250,Tabbie,Dradey,tdradey6x@engadget.com,Female,546-186-9859
251,Kristian,Baudic,kbaudic6y@newsvine.com,Male,178-297-7762
252,Aeriel,Biss,abiss6z@howstuffworks.com,Female,256-421-4396
253,Trudie,Cicerone,tcicerone70@gmpg.org,Female,448-286-3910
254,Agosto,Titterell,atitterell71@wikimedia.org,Male,451-912-0890
255,Raphael,Sumnall,rsumnall72@rediff.com,Male,795-616-8444
256,Wash,Snedker,wsnedker73@prnewswire.com,Male,575-108-3614
257,Eleni,Chittem,echittem74@bigcartel.com,Female,177-504-2048
258,Malcolm,Gatiss,mgatiss75@paypal.com,Male,579-227-0163
259,Roth,Alan,ralan76@google.ca,Male,382-962-1130
260,Barth,Alleyne,balleyne77@1und1.de,Male,721-949-8615
261,Lorita,Faires,lfaires78@scientificamerican.com,Female,133-896-4193
262,Lissie,Santarelli,lsantarelli79@skyrock.com,Female,808-694-4143
263,Dorothee,Macklin,dmacklin7a@sfgate.com,Female,584-107-1761
264,Becki,Lampaert,blampaert7b@surveymonkey.com,Female,852-129-7737
265,Katerine,Copperwaite,kcopperwaite7c@columbia.edu,Female,564-502-6311
266,Launce,Fullicks,lfullicks7d@hexun.com,Male,100-947-0837
267,Orlan,McHenry,omchenry7e@reddit.com,Male,934-477-3787
268,Nancey,Feaks,nfeaks7f@who.int,Female,659-785-8740
269,Anthe,Wyllcocks,awyllcocks7g@163.com,Female,668-615-4244
270,Ingrim,Shoppee,ishoppee7h@nyu.edu,Male,265-612-1969
271,Jennilee,Watting,jwatting7i@washingtonpost.com,Female,415-905-6921
272,Kaylyn,Ellaway,kellaway7j@discovery.com,Female,514-638-9910
273,Wallas,Chismon,wchismon7k@cornell.edu,Male,775-842-5259
274,Caesar,Verbeek,cverbeek7l@blogger.com,Male,491-165-5233
275,Natal,Judgkins,njudgkins7m@google.com.au,Male,238-791-3685
276,Addie,Glanister,aglanister7n@netvibes.com,Male,878-849-7740
277,Imogene,Allsup,iallsup7o@miibeian.gov.cn,Female,973-543-8090
278,Sollie,Forrestor,sforrestor7p@php.net,Male,214-975-7531
279,Ryon,Smalley,rsmalley7q@about.me,Male,155-626-7635
280,Victoria,Mewhirter,vmewhirter7r@bbc.co.uk,Female,836-919-3375
281,Teador,Sainteau,tsainteau7s@trellian.com,Male,463-957-9591
282,King,Titterington,ktitterington7t@list-manage.com,Male,500-739-7097
283,Yolande,Tomasini,ytomasini7u@walmart.com,Female,578-935-7242
284,Astrid,Boyat,aboyat7v@altervista.org,Female,291-886-0252
285,Blythe,Wheelwright,bwheelwright7w@harvard.edu,Female,988-645-8702
286,Garrott,Greystoke,ggreystoke7x@google.ru,Male,528-240-3074
287,Rafi,Bes,rbes7y@uiuc.edu,Male,297-181-5099
288,Ethe,Fenix,efenix7z@miibeian.gov.cn,Male,251-316-9655
289,Keeley,Tolland,ktolland80@cyberchimps.com,Female,772-838-9210
290,Marin,Swale,mswale81@amazon.com,Female,425-312-8038
291,Bank,Back,bback82@google.ca,Male,214-678-5655
292,Glenn,Donovin,gdonovin83@desdev.cn,Male,225-425-3587
293,Michel,Frede,mfrede84@ezinearticles.com,Female,624-669-5930
294,Kristopher,Verry,kverry85@ibm.com,Male,806-646-2609
295,Debra,Sutterby,dsutterby86@bigcartel.com,Female,954-166-3317
296,Lexie,Huddle,lhuddle87@cisco.com,Female,442-330-7465
297,Harrietta,Blondelle,hblondelle88@elegantthemes.com,Female,501-450-2082
298,Missy,Blondel,mblondel89@weibo.com,Female,200-334-7030
299,Raquela,Paulack,rpaulack8a@bandcamp.com,Female,671-435-9911
300,Boyce,Fowley,bfowley8b@surveymonkey.com,Male,228-731-2763
301,Joice,Schubart,jschubart8c@liveinternet.ru,Female,652-580-5722
302,Shaylah,Pender,spender8d@illinois.edu,Female,282-268-4292
303,Dal,Ormonde,dormonde8e@home.pl,Male,218-837-8051
304,Nichols,Sans,nsans8f@nationalgeographic.com,Male,931-420-2648
305,Deedee,Gipp,dgipp8g@liveinternet.ru,Female,469-757-8930
306,Ashia,Bottle,abottle8h@globo.com,Female,560-303-2821
307,Deane,Chesters,dchesters8i@rakuten.co.jp,Male,193-838-3650
308,Morly,Children,mchildren8j@unicef.org,Male,310-497-0637
309,Pamela,Braisher,pbraisher8k@infoseek.co.jp,Female,856-109-1937
310,Sheffy,Eagleton,seagleton8l@addthis.com,Male,227-766-1444
311,Madelon,Ackerman,mackerman8m@time.com,Female,483-458-0555
312,Rodney,Bagnold,rbagnold8n@t-online.de,Male,899-717-2594
313,Debee,Izkovitch,dizkovitch8o@hubpages.com,Female,685-871-7502
314,Ingrid,Wyre,iwyre8p@1688.com,Female,289-616-1777
315,Hamish,Reilinger,hreilinger8q@eventbrite.com,Male,859-184-2975
316,Huey,Reitenbach,hreitenbach8r@cyberchimps.com,Male,220-834-6347
317,Donni,Tresise,dtresise8s@nyu.edu,Female,683-344-1050
318,Laverne,Juster,ljuster8t@flickr.com,Female,752-357-5969
319,Nicholle,Speers,nspeers8u@typepad.com,Female,284-108-4343
320,Waly,Gartery,wgartery8v@exblog.jp,Female,473-893-9774
321,Adelina,Jurca,ajurca8w@mit.edu,Female,143-942-7624
322,Harald,Persian,hpersian8x@tinyurl.com,Male,472-158-3204
323,Gare,Vedstra,gvedstra8y@blogtalkradio.com,Male,935-719-0596
324,Bernie,Hillam,bhillam8z@sina.com.cn,Female,498-556-8277
325,Albert,Dolton,adolton90@economist.com,Male,245-166-8882
326,Dennie,Girodin,dgirodin91@walmart.com,Male,212-428-2422
327,Maddi,Candish,mcandish92@ycombinator.com,Female,604-138-4351
328,Boigie,Veale,bveale93@chicagotribune.com,Male,886-209-0794
329,Moritz,Baggett,mbaggett94@ed.gov,Male,557-782-4587
330,Kalli,Darrel,kdarrel95@addthis.com,Female,970-454-4250
331,Allyn,Kemball,akemball96@microsoft.com,Male,580-972-8053
332,Alard,Almeida,aalmeida97@bloglines.com,Male,211-502-6281
333,Geraldine,Campaigne,gcampaigne98@imageshack.us,Female,323-836-6959
334,Letitia,South,lsouth99@answers.com,Female,783-466-7154
335,Elfrieda,Constant,econstant9a@businessinsider.com,Female,478-230-5470
336,Cammie,Iddons,ciddons9b@blogs.com,Female,576-831-1526
337,Emmery,Connerry,econnerry9c@123-reg.co.uk,Male,871-108-7381
338,Jilleen,Gordon-Giles,jgordongiles9d@google.ru,Female,869-749-3745
339,Neron,Caddick,ncaddick9e@vk.com,Male,947-743-4759
340,Melonie,Bovingdon,mbovingdon9f@sitemeter.com,Female,713-220-9338
341,Michale,McNish,mmcnish9g@joomla.org,Male,687-587-2365
342,Norrie,Twinberrow,ntwinberrow9h@discuz.net,Male,807-458-9580
343,Juieta,Dagleas,jdagleas9i@cargocollective.com,Female,736-842-9824
344,Katherine,Sommersett,ksommersett9j@irs.gov,Female,197-475-2560
345,Carny,Leyland,cleyland9k@sphinn.com,Male,562-414-5181
346,Shermie,Kender,skender9l@indiatimes.com,Male,264-215-4441
347,Cynthie,Losseljong,closseljong9m@sitemeter.com,Female,976-539-9277
348,Syman,Curror,scurror9n@economist.com,Male,403-325-2204
349,Karly,Gofforth,kgofforth9o@w3.org,Female,723-398-5985
350,Vonnie,Hutfield,vhutfield9p@rambler.ru,Female,170-631-3838
351,Tito,Olivazzi,tolivazzi9q@phpbb.com,Male,756-914-0040
352,Theo,Peach,tpeach9r@tmall.com,Male,442-706-2129
353,Reggie,Bothe,rbothe9s@hatena.ne.jp,Male,323-989-6038
354,Kylie,Blacklock,kblacklock9t@blogs.com,Male,340-247-6952
355,Josee,Tezure,jtezure9u@barnesandnoble.com,Female,854-749-2228
356,Rurik,Korba,rkorba9v@symantec.com,Male,718-710-2552
357,Stanly,Kingsly,skingsly9w@symantec.com,Male,791-800-0435
358,Jimmie,Tooby,jtooby9x@sphinn.com,Male,904-789-8165
359,Elena,Ferrarone,eferrarone9y@purevolume.com,Female,370-470-7426
360,Anita,Oloshkin,aoloshkin9z@tumblr.com,Female,610-929-2362
361,Jedidiah,Gilardone,jgilardonea0@tuttocitta.it,Male,303-360-2584
362,Barbette,Niset,bniseta1@google.ca,Female,328-123-9339
363,April,Christie,achristiea2@spotify.com,Female,898-519-4739
364,Avigdor,Varvell,avarvella3@list-manage.com,Male,156-360-3120
365,Chelsie,Kinnett,ckinnetta4@yellowbook.com,Female,274-829-3431
366,Franny,Van de Castele,fvandecastelea5@soundcloud.com,Male,241-784-1259
367,Fanechka,Laudham,flaudhama6@geocities.com,Female,100-815-7151
368,Bert,Jenkinson,bjenkinsona7@wufoo.com,Male,451-250-7980
369,Gillan,Simeoni,gsimeonia8@printfriendly.com,Female,347-555-7429
370,Curr,Itshak,citshaka9@guardian.co.uk,Male,304-461-4303
371,Malorie,Vasiljevic,mvasiljevicaa@macromedia.com,Female,168-563-7476
372,Corella,Hayworth,chayworthab@soundcloud.com,Female,149-800-5755
373,Abbi,Capini,acapiniac@tmall.com,Female,985-869-7223
374,Ricky,Brandi,rbrandiad@tiny.cc,Male,606-487-4377
375,Freida,Clelland,fclellandae@hc360.com,Female,415-330-1307
376,Yorgo,Horsewood,yhorsewoodaf@archive.org,Male,873-247-5560
377,Clemmy,Cranston,ccranstonag@admin.ch,Male,594-140-5146
378,Ruggiero,Hardbattle,rhardbattleah@earthlink.net,Male,607-133-3593
379,Hercules,Swainsbury,hswainsburyai@yellowbook.com,Male,831-965-0029
380,Melisenda,Kryszka,mkryszkaaj@4shared.com,Female,774-878-2753
381,Julienne,Glaisner,jglaisnerak@unblog.fr,Female,483-995-0634
382,Fin,Feavers,ffeaversal@reddit.com,Male,691-634-7035
383,Guinevere,Garey,ggareyam@omniture.com,Female,384-268-0444
384,Theo,Woodison,twoodisonan@opensource.org,Female,595-845-2242
385,Andros,Wyatt,awyattao@clickbank.net,Male,677-182-5111
386,Goddart,Playden,gplaydenap@canalblog.com,Male,526-117-5297
387,Karin,Marsy,kmarsyaq@behance.net,Female,705-429-1924
388,Gloriane,Brookfield,gbrookfieldar@mozilla.org,Female,453-470-7156
389,Jazmin,Ruggiero,jruggieroas@cbc.ca,Female,399-723-1301
390,Sandye,Gorhardt,sgorhardtat@joomla.org,Female,556-393-8338
391,Kingsley,Honnicott,khonnicottau@domainmarket.com,Male,755-287-2091
392,Lynnea,Coultar,lcoultarav@smugmug.com,Female,458-172-7644
393,Derby,Glasheen,dglasheenaw@mozilla.com,Male,528-695-1783
394,Sibby,Antonoczyk,santonoczykax@merriam-webster.com,Female,166-305-7991
395,Fernando,Woolston,fwoolstonay@quantcast.com,Male,876-138-6898
396,Essie,Rowlands,erowlandsaz@yellowpages.com,Female,729-440-9661
397,Emerson,Mordey,emordeyb0@pagesperso-orange.fr,Male,941-992-6215
398,Netta,Saundercock,nsaundercockb1@miitbeian.gov.cn,Female,873-102-2437
399,Madelyn,Mico,mmicob2@miitbeian.gov.cn,Female,340-695-6588
400,Camey,Sherer,cshererb3@mapquest.com,Male,868-129-9995
401,Marylinda,Underhill,munderhillb4@yahoo.co.jp,Female,838-835-3744
402,Spence,Sibun,ssibunb5@cloudflare.com,Male,852-290-8338
403,Ellette,Greenard,egreenardb6@infoseek.co.jp,Female,766-132-3244
404,Ardath,Schild,aschildb7@mayoclinic.com,Female,198-958-4432
405,Lisabeth,Bernaciak,lbernaciakb8@china.com.cn,Female,933-944-0007
406,Pauli,Dimmack,pdimmackb9@sina.com.cn,Female,135-183-8753
407,Annora,Copestake,acopestakeba@cnn.com,Female,152-980-1260
408,Fayette,Obray,fobraybb@nifty.com,Female,648-875-5080
409,Mano,Moorcroft,mmoorcroftbc@loc.gov,Male,629-252-8126
410,Delinda,Hickisson,dhickissonbd@people.com.cn,Female,247-910-5394
411,Milty,Mattimoe,mmattimoebe@umn.edu,Male,709-859-7981
412,Sanson,Fintoph,sfintophbf@si.edu,Male,233-372-3288
413,Sallie,Longden,slongdenbg@state.gov,Female,886-448-9981
414,Ignaz,Wollen,iwollenbh@aol.com,Male,103-606-9298
415,Donnie,Volkes,dvolkesbi@soup.io,Male,360-930-2968
416,Tudor,Quarry,tquarrybj@state.gov,Male,633-437-0489
417,Dillon,Mityashev,dmityashevbk@free.fr,Male,210-136-4981
418,Toby,Penketh,tpenkethbl@drupal.org,Female,931-530-3295
419,Wood,Josum,wjosumbm@comsenz.com,Male,839-572-2375
420,Daveen,Alvar,dalvarbn@usatoday.com,Female,508-884-1060
421,Izabel,Bardell,ibardellbo@51.la,Female,908-882-4591
422,Lynnett,Lyver,llyverbp@mayoclinic.com,Female,549-123-3551
423,Rafaelia,Duplock,rduplockbq@google.es,Female,504-636-8654
424,Currie,Thulborn,cthulbornbr@lycos.com,Male,353-770-7040
425,Jules,Marzelo,jmarzelobs@privacy.gov.au,Male,971-491-9048
426,Car,Justham,cjusthambt@sogou.com,Male,824-524-1092
427,Isidora,Pluvier,ipluvierbu@de.vu,Female,564-439-5390
428,Janene,Pember,jpemberbv@examiner.com,Female,306-178-5368
429,Elston,Chattock,echattockbw@princeton.edu,Male,325-666-9110
430,Nataniel,Fronczak,nfronczakbx@upenn.edu,Male,328-308-1270
431,Cort,Jenking,cjenkingby@bloglovin.com,Male,719-646-6721
432,Trixy,Coggin,tcogginbz@eventbrite.com,Female,274-449-2885
433,Sherie,Sessuns,ssessunsc0@vistaprint.com,Female,473-168-6632
434,Genny,Bunworth,gbunworthc1@digg.com,Female,607-828-9559
435,Niles,Shoard,nshoardc2@vinaora.com,Male,906-831-3779
436,Gale,Aiskovitch,gaiskovitchc3@geocities.jp,Male,179-198-4256
437,Lotta,Aleksic,laleksicc4@chronoengine.com,Female,562-186-8396
438,Donna,Farraway,dfarrawayc5@homestead.com,Female,735-752-4574
439,Petronille,Grenkov,pgrenkovc6@ebay.co.uk,Female,486-550-4774
440,Andra,Antoinet,aantoinetc7@hc360.com,Female,145-862-1495
441,Bren,Checo,bchecoc8@blogspot.com,Male,189-541-7759
442,Koren,Such,ksuchc9@prweb.com,Female,306-436-0980
443,Hurlee,Rubertelli,hrubertellica@baidu.com,Male,583-815-4462
444,Ola,Wilprecht,owilprechtcb@uiuc.edu,Female,983-515-3867
445,Leon,MacDearmaid,lmacdearmaidcc@xing.com,Male,927-474-5671
446,Cordie,Scrymgeour,cscrymgeourcd@tiny.cc,Male,782-886-7976
447,Casi,Shackelton,cshackeltonce@cyberchimps.com,Female,105-412-6577
448,Maryanna,Studd,mstuddcf@purevolume.com,Female,679-335-0904
449,Durward,Fomichkin,dfomichkincg@newyorker.com,Male,851-917-3989
450,Alistair,Gillmore,agillmorech@java.com,Male,619-998-5257
451,Jaquenetta,Sandeson,jsandesonci@pagesperso-orange.fr,Female,485-590-1948
452,Baudoin,Gawne,bgawnecj@wix.com,Male,592-938-6246
453,Ernestus,Pohl,epohlck@clickbank.net,Male,579-707-6830
454,Winnifred,McElhargy,wmcelhargycl@miitbeian.gov.cn,Female,184-673-0543
455,Read,Vowdon,rvowdoncm@bloomberg.com,Male,933-747-9553
456,Genevieve,Ruhben,gruhbencn@discovery.com,Female,478-130-1366
457,Dewitt,Laxon,dlaxonco@opensource.org,Male,994-520-0548
458,Radcliffe,Hexum,rhexumcp@mozilla.org,Male,949-502-5037
459,Nelli,Elkins,nelkinscq@cmu.edu,Female,935-222-9690
460,Sandra,Rosenberger,srosenbergercr@cnet.com,Female,664-976-0559
461,Nathalia,Shuttleworth,nshuttleworthcs@samsung.com,Female,144-528-6113
462,Sophia,Claus,sclausct@prweb.com,Female,907-364-5724
463,Gayel,Grundwater,ggrundwatercu@skype.com,Female,629-158-4066
464,Ive,Edwick,iedwickcv@weibo.com,Male,306-119-2628
465,Joshua,Eite,jeitecw@smugmug.com,Male,230-196-7501
466,Jacinthe,Waterstone,jwaterstonecx@amazon.com,Female,982-965-0312
467,Stephi,Kilfeder,skilfedercy@weibo.com,Female,342-761-2998
468,Gregorio,Borgars,gborgarscz@hatena.ne.jp,Male,124-269-8205
469,Mersey,Hellikes,mhellikesd0@last.fm,Female,705-489-0894
470,Andy,Boyington,aboyingtond1@virginia.edu,Female,961-408-6313
471,Ugo,Cullingford,ucullingfordd2@sciencedaily.com,Male,446-901-5681
472,Skell,Foucher,sfoucherd3@hostgator.com,Male,211-672-2156
473,Dacie,Josland,djoslandd4@yellowpages.com,Female,286-439-4577
474,Ollie,Maddern,omaddernd5@php.net,Male,891-335-9668
475,Ninette,Rowbury,nrowburyd6@cafepress.com,Female,973-554-8586
476,Corrina,Rao,craod7@moonfruit.com,Female,912-579-7478
477,Marita,Frane,mfraned8@auda.org.au,Female,304-661-7097
478,Jenine,Whitelaw,jwhitelawd9@google.cn,Female,524-318-9655
479,Dawn,Drinnan,ddrinnanda@boston.com,Female,850-306-3100
480,Jerrome,McRorie,jmcroriedb@tinypic.com,Male,658-435-2899
481,Elyse,Abramowitch,eabramowitchdc@slashdot.org,Female,369-227-5544
482,Letta,Vance,lvancedd@auda.org.au,Female,435-763-6122
483,Jaclyn,Slinn,jslinnde@noaa.gov,Female,354-695-3569
484,Correna,Aberdeen,caberdeendf@dedecms.com,Female,912-549-1991
485,Ban,Dufer,bduferdg@berkeley.edu,Male,996-357-3736
486,Carlee,Hinrich,chinrichdh@globo.com,Female,829-346-1107
487,Bar,Goodayle,bgoodayledi@com.com,Male,165-441-1105
488,Ford,Dossetter,fdossetterdj@github.com,Male,460-698-6516
489,Karee,Rodgers,krodgersdk@xing.com,Female,916-329-4381
490,Tynan,Camelin,tcamelindl@blogs.com,Male,478-130-2054
491,Duncan,Bysshe,dbysshedm@opensource.org,Male,197-784-2429
492,Lucian,Skermer,lskermerdn@desdev.cn,Male,739-375-3940
493,Abelard,Nicolls,anicollsdo@behance.net,Male,688-465-5000
494,Augustin,Chicco,achiccodp@weibo.com,Male,488-528-6253
495,Mary,Fuentes,mfuentesdq@shutterfly.com,Female,919-720-7471
496,Hadleigh,Winsborrow,hwinsborrowdr@usa.gov,Male,920-253-1133
497,Catherin,Woolen,cwoolends@blogger.com,Female,101-922-7605
498,Cyndia,Durtnell,cdurtnelldt@fema.gov,Female,942-717-8926
499,Lizbeth,Winram,lwinramdu@com.com,Female,399-917-8111
500,Jerry,Favel,jfaveldv@go.com,Male,854-509-4410
501,Haskel,Kerwin,hkerwindw@behance.net,Male,481-398-9251
502,Katee,Millmore,kmillmoredx@prnewswire.com,Female,474-271-3458
503,Di,Meffen,dmeffendy@unblog.fr,Female,214-340-7813
504,Claudia,Randerson,crandersondz@auda.org.au,Female,877-511-5784
505,Lonnie,Vaz,lvaze0@webeden.co.uk,Female,970-547-8091
506,Lodovico,Franies,lfraniese1@sina.com.cn,Male,218-977-4558
507,Lucine,Keig,lkeige2@tripod.com,Female,617-801-4970
508,Carmine,Devall,cdevalle3@cafepress.com,Male,244-329-9359
509,Nelson,Blinder,nblindere4@scribd.com,Male,198-939-1370
510,Tom,Hazeldene,thazeldenee5@whitehouse.gov,Male,647-463-3301
511,Dion,Sandall,dsandalle6@examiner.com,Female,882-199-8720
512,Celestia,Manion,cmanione7@japanpost.jp,Female,634-773-3099
513,Panchito,Gemeau,pgemeaue8@sourceforge.net,Male,244-344-6919
514,Rickie,Fynan,rfynane9@census.gov,Male,843-577-7148
515,Helli,Sherston,hsherstonea@cyberchimps.com,Female,423-171-8496
516,Kelby,Dobbs,kdobbseb@dropbox.com,Male,633-189-0436
517,Sheena,Benoist,sbenoistec@example.com,Female,558-348-8590
518,Dode,McGreay,dmcgreayed@businesswire.com,Female,371-178-6532
519,Way,Lansdale,wlansdaleee@nsw.gov.au,Male,356-381-1792
520,Haslett,Beauchop,hbeauchopef@thetimes.co.uk,Male,732-860-3565
521,Lorinda,Lermouth,llermoutheg@sohu.com,Female,265-979-3497
522,Nell,Fennelly,nfennellyeh@hatena.ne.jp,Female,866-662-7497
523,Hermina,Peel,hpeelei@tripod.com,Female,792-574-9681
524,Towny,Caldecourt,tcaldecourtej@dot.gov,Male,601-138-8232
525,Brinna,Eddleston,beddlestonek@delicious.com,Female,292-728-4099
526,Enrichetta,McCluskey,emccluskeyel@irs.gov,Female,983-699-2106
527,Sigfrid,Concannon,sconcannonem@businessinsider.com,Male,360-604-5309
528,Reube,Norssister,rnorssisteren@fda.gov,Male,483-482-5323
529,Neilla,De Zamudio,ndezamudioeo@yelp.com,Female,532-467-4681
530,Court,Walrond,cwalrondep@home.pl,Male,767-248-5561
531,Jemmy,Bewlie,jbewlieeq@fc2.com,Female,753-160-8742
532,Garth,Corroyer,gcorroyerer@flickr.com,Male,809-400-4567
533,Graehme,Fludgate,gfludgatees@google.de,Male,916-399-6594
534,Marcel,Bole,mboleet@google.ru,Male,370-190-1238
535,Paquito,Ditchett,pditchetteu@bloomberg.com,Male,127-748-8063
536,Janeen,Kohrt,jkohrtev@yellowpages.com,Female,884-152-3255
537,Gussy,Mobley,gmobleyew@chronoengine.com,Female,466-684-3722
538,Carmen,Castellini,ccastelliniex@dedecms.com,Female,739-178-7606
539,Toby,Jakoubec,tjakoubecey@hp.com,Male,116-837-9519
540,Shanna,Peckett,speckettez@dell.com,Female,151-266-4855
541,Laurena,Pucknell,lpucknellf0@nba.com,Female,679-122-9064
542,Haslett,Michallat,hmichallatf1@shop-pro.jp,Male,806-259-9627
543,Konstance,Bodimeade,kbodimeadef2@mit.edu,Female,710-409-5257
544,Arabella,Magnay,amagnayf3@ow.ly,Female,858-335-1037
545,Filippo,Syrett,fsyrettf4@un.org,Male,322-489-7651
546,Isidro,Popworth,ipopworthf5@freewebs.com,Male,720-339-0910
547,Sidonnie,Dene,sdenef6@homestead.com,Female,959-669-1635
548,Breena,Torr,btorrf7@dion.ne.jp,Female,161-263-2239
549,Remus,Alexsandrov,ralexsandrovf8@yellowpages.com,Male,259-495-7587
550,Gerek,Kirsopp,gkirsoppf9@list-manage.com,Male,659-455-5754
551,Rica,Gullefant,rgullefantfa@purevolume.com,Female,914-656-1896
552,Susan,Billie,sbilliefb@wikipedia.org,Female,613-802-8781
553,Delcine,Hassen,dhassenfc@csmonitor.com,Female,108-751-4718
554,Dulcie,Bramhall,dbramhallfd@ning.com,Female,814-899-9615
555,Virgie,Hawkin,vhawkinfe@mapy.cz,Male,450-101-1643
556,Derry,Blaszczak,dblaszczakff@desdev.cn,Male,969-713-0971
557,Giff,Garfit,ggarfitfg@ucsd.edu,Male,507-505-4684
558,Ardelia,Thunderchief,athunderchieffh@independent.co.uk,Female,566-639-7391
559,Lindsey,Poulsum,lpoulsumfi@pinterest.com,Male,329-506-3053
560,Perceval,Kleint,pkleintfj@senate.gov,Male,335-697-4473
561,Elonore,Waszkiewicz,ewaszkiewiczfk@geocities.com,Female,927-547-2844
562,Reba,Shanks,rshanksfl@opensource.org,Female,685-625-5625
563,Tobey,Rustich,trustichfm@twitter.com,Female,942-123-7201
564,Cordy,Vakhlov,cvakhlovfn@naver.com,Male,602-147-6852
565,Finn,Mungin,fmunginfo@topsy.com,Male,982-532-7369
566,Devora,Danielsen,ddanielsenfp@livejournal.com,Female,196-167-4464
567,Malory,Postians,mpostiansfq@tiny.cc,Female,437-803-9430
568,Solomon,Malshinger,smalshingerfr@npr.org,Male,668-605-1654
569,Franchot,Towson,ftowsonfs@simplemachines.org,Male,206-168-9723
570,Corey,Colebrook,ccolebrookft@ucsd.edu,Male,254-666-3356
571,Hercule,Hefferan,hhefferanfu@twitpic.com,Male,394-269-6292
572,Joy,Syson,jsysonfv@weebly.com,Female,709-115-9081
573,Vernen,Leatherbarrow,vleatherbarrowfw@ocn.ne.jp,Male,449-495-6935
574,Joey,Blacker,jblackerfx@sciencedirect.com,Male,656-526-9179
575,Titos,Skace,tskacefy@upenn.edu,Male,238-997-6627
576,Todd,Flowith,tflowithfz@indiegogo.com,Male,938-265-2962
577,Andras,Edland,aedlandg0@ftc.gov,Male,451-742-9311
578,Townsend,Martinek,tmartinekg1@fc2.com,Male,938-419-2559
579,Gill,Abad,gabadg2@google.co.uk,Female,466-263-5229
580,Sallyanne,Lorraine,slorraineg3@mashable.com,Female,637-132-8696
581,Lyndsey,Domel,ldomelg4@who.int,Female,386-676-9961
582,Meridel,McDonagh,mmcdonaghg5@homestead.com,Female,956-656-2737
583,Mead,Mc Gaughey,mmcgaugheyg6@ucsd.edu,Female,643-251-3631
584,Duffie,MacFaul,dmacfaulg7@google.co.uk,Male,457-801-5805
585,Jacquetta,McAuslene,jmcausleneg8@chicagotribune.com,Female,307-966-4475
586,Boothe,Deluce,bdeluceg9@skyrock.com,Male,386-149-8206
587,Nataniel,Retchless,nretchlessga@newyorker.com,Male,122-909-0080
588,Tibold,Blaydes,tblaydesgb@sfgate.com,Male,130-694-3449
589,Shurlock,Maudling,smaudlinggc@dell.com,Male,352-630-9357
590,Elene,Antushev,eantushevgd@wikia.com,Female,350-901-3545
591,Carleton,Garnall,cgarnallge@reuters.com,Male,571-333-0180
592,Catina,Boddymead,cboddymeadgf@icq.com,Female,385-685-1876
593,Meghann,Rodolico,mrodolicogg@cnbc.com,Female,806-505-7173
594,Cordi,Hanscomb,chanscombgh@theguardian.com,Female,929-620-6445
595,Minnnie,Colloff,mcolloffgi@biglobe.ne.jp,Female,680-431-4955
596,Bink,Benedite,bbeneditegj@stanford.edu,Male,858-230-3827
597,Boy,Alu,balugk@kickstarter.com,Male,330-757-4590
598,Arron,Britto,abrittogl@squidoo.com,Male,578-512-6717
599,Harry,Pounder,hpoundergm@wikia.com,Male,350-238-0813
600,Roderick,Barke,rbarkegn@ucoz.com,Male,728-754-8630
601,Brok,Purchon,bpurchongo@time.com,Male,232-840-8992
602,Gretta,Febre,gfebregp@symantec.com,Female,454-165-8188
603,Celestina,Tift,ctiftgq@usda.gov,Female,843-171-7296
604,Crysta,Shelford,cshelfordgr@aboutads.info,Female,347-783-0793
605,Doralyn,Room,droomgs@sina.com.cn,Female,184-836-5518
606,Holly,Barkaway,hbarkawaygt@si.edu,Male,192-875-5320
607,Kathe,Pevreal,kpevrealgu@pen.io,Female,965-469-5583
608,Kimberly,Maxfield,kmaxfieldgv@nymag.com,Female,815-457-2234
609,Christiane,Stable,cstablegw@yale.edu,Female,948-525-2197
610,Boyce,Hawksby,bhawksbygx@163.com,Male,328-918-3302
611,Malissia,Scare,mscaregy@google.ca,Female,829-581-0088
612,Hyman,Kensett,hkensettgz@skype.com,Male,115-384-1967
613,Devan,Fettes,dfettesh0@amazon.co.jp,Female,734-776-1709
614,Tomas,Garden,tgardenh1@mashable.com,Male,121-303-2228
615,Elsbeth,Cuttles,ecuttlesh2@nba.com,Female,540-142-3822
616,Fidelio,Sunners,fsunnersh3@digg.com,Male,410-584-5385
617,Federica,Coode,fcoodeh4@yahoo.co.jp,Female,806-167-9585
618,Kelila,McVitty,kmcvittyh5@theglobeandmail.com,Female,431-176-2666
619,Burke,Kohler,bkohlerh6@icq.com,Male,689-762-7138
620,Blanca,Crozier,bcrozierh7@nps.gov,Female,199-674-2967
621,Merrile,Demelt,mdemelth8@w3.org,Female,904-637-2545
622,Ernesto,Isaksen,eisaksenh9@ifeng.com,Male,280-998-0244
623,Delmor,Banbrick,dbanbrickha@msu.edu,Male,347-460-1412
624,Kaitlynn,Widdall,kwiddallhb@infoseek.co.jp,Female,636-985-4257
625,Bruno,Crace,bcracehc@linkedin.com,Male,431-600-5832
626,Mel,Porteous,mporteoushd@house.gov,Female,320-855-2193
627,Blake,Andri,bandrihe@twitpic.com,Male,375-607-1618
628,Judi,Fowells,jfowellshf@cocolog-nifty.com,Female,527-772-7466
629,Sharron,Marrett,smarretthg@tinyurl.com,Female,164-554-6219
630,Anstice,Tredget,atredgethh@ow.ly,Female,542-202-4524
631,Bernie,Schukert,bschukerthi@constantcontact.com,Female,423-308-6315
632,Shaine,Guerola,sguerolahj@spiegel.de,Male,380-787-2333
633,Royce,Bohler,rbohlerhk@bbc.co.uk,Male,201-786-5455
634,Brandi,Gaishson,bgaishsonhl@netvibes.com,Female,196-429-4521
635,Nikita,Coolson,ncoolsonhm@squidoo.com,Male,184-931-7336
636,Cathryn,Screech,cscreechhn@upenn.edu,Female,928-254-0447
637,Olivie,Sparrow,osparrowho@redcross.org,Female,749-426-4230
638,Raynell,Bomb,rbombhp@t-online.de,Female,856-520-8080
639,Gram,Botler,gbotlerhq@last.fm,Male,168-762-8487
640,Rosalyn,Heinreich,rheinreichhr@friendfeed.com,Female,647-368-8534
641,Charita,Allabarton,callabartonhs@simplemachines.org,Female,699-511-8389
642,Leigha,Belding,lbeldinght@constantcontact.com,Female,895-407-2582
643,Brand,Gannon,bgannonhu@go.com,Male,555-751-4141
644,Angelia,Quodling,aquodlinghv@t-online.de,Female,196-360-2563
645,De,Wolton,dwoltonhw@about.me,Female,725-677-0047
646,Clifford,Linguard,clinguardhx@cisco.com,Male,180-158-9373
647,Basil,Creebo,bcreebohy@lycos.com,Male,281-511-5434
648,Datha,Moir,dmoirhz@narod.ru,Female,977-675-9431
649,Falkner,Lowmass,flowmassi0@sakura.ne.jp,Male,877-859-9337
650,Juditha,Butte,jbuttei1@4shared.com,Female,838-861-0952
651,Edna,Stanluck,estanlucki2@google.ca,Female,414-809-5626
652,Maitilde,Kubis,mkubisi3@macromedia.com,Female,725-421-5262
653,Zarla,Naulty,znaultyi4@bluehost.com,Female,288-957-2619
654,Sianna,De la Yglesia,sdelayglesiai5@toplist.cz,Female,104-438-2054
655,Juditha,Besant,jbesanti6@hatena.ne.jp,Female,376-134-5569
656,Zachery,Flori,zflorii7@devhub.com,Male,855-299-2254
657,Kerwinn,Feehely,kfeehelyi8@myspace.com,Male,599-166-6257
658,Heloise,Teck,htecki9@miitbeian.gov.cn,Female,868-476-5330
659,Bibby,Kettleson,bkettlesonia@feedburner.com,Female,993-689-6865
660,Ofelia,Gilliver,ogilliverib@macromedia.com,Female,654-579-2596
661,Kristian,Engley,kengleyic@mozilla.com,Male,921-100-1812
662,Kristoforo,Wisedale,kwisedaleid@odnoklassniki.ru,Male,269-118-8981
663,Jard,Seear,jseearie@hatena.ne.jp,Male,214-302-0560
664,Alina,Call,acallif@house.gov,Female,177-494-5083
665,Wallace,Brightman,wbrightmanig@hc360.com,Male,513-234-2497
666,Conrade,Nial,cnialih@cbsnews.com,Male,112-616-3289
667,Joelie,Mapam,jmapamii@pagesperso-orange.fr,Female,863-853-6848
668,Orin,Devany,odevanyij@wufoo.com,Male,860-367-9120
669,Wynne,Starsmore,wstarsmoreik@slate.com,Female,556-138-8594
670,Derick,Oakley,doakleyil@icq.com,Male,294-611-5657
671,Lucille,Punyer,lpunyerim@macromedia.com,Female,963-830-5540
672,Vernice,Hofer,vhoferin@pinterest.com,Female,348-743-4091
673,Hi,Dennett,hdennettio@phpbb.com,Male,688-144-7139
674,Brien,Bentham3,bbenthamip@google.cn,Male,674-700-1484
675,Octavius,Mulqueeny,omulqueenyiq@theguardian.com,Male,990-573-7798
676,Lucas,Honsch,lhonschir@techcrunch.com,Male,355-808-3694
677,Salomo,Olensby,solensbyis@yandex.ru,Male,914-815-2176
678,Jobyna,Gerckens,jgerckensit@dropbox.com,Female,910-379-4968
679,Evelyn,Wyllie,ewyllieiu@intel.com,Male,922-778-8834
680,Gayel,Glynn,gglynniv@booking.com,Female,403-972-1287
681,Ive,Timoney,itimoneyiw@utexas.edu,Male,147-938-8391
682,Edmon,Burgon,eburgonix@ebay.com,Male,995-934-4355
683,Marrilee,Giannoni,mgiannoniiy@sogou.com,Female,948-717-2519
684,Melitta,Rowledge,mrowledgeiz@topsy.com,Female,581-343-8887
685,Derry,Itzhaiek,ditzhaiekj0@123-reg.co.uk,Male,317-369-3408
686,Reilly,Sime,rsimej1@craigslist.org,Male,115-879-0597
687,Jacob,Beresfore,jberesforej2@google.nl,Male,781-617-1085
688,Aline,Probert,aprobertj3@reference.com,Female,378-437-8308
689,Emmalyn,Tybalt,etybaltj4@technorati.com,Female,818-851-5274
690,Renard,Jobbins,rjobbinsj5@discovery.com,Male,842-760-4545
691,Tani,Sconce,tsconcej6@smh.com.au,Female,435-555-5026
692,Gare,Crawcour,gcrawcourj7@howstuffworks.com,Male,906-603-3510
693,Gwenny,Bladge,gbladgej8@psu.edu,Female,727-697-0872
694,Odie,Santry,osantryj9@ox.ac.uk,Male,441-548-8124
695,Antonius,O'Sheerin,aosheerinja@amazon.de,Male,347-776-3117
696,Calhoun,Undrell,cundrelljb@omniture.com,Male,250-581-0025
697,Luella,Desantis,ldesantisjc@unc.edu,Female,478-172-2101
698,Clarinda,Careswell,ccareswelljd@creativecommons.org,Female,461-540-7435
699,Cacilie,Eagle,ceagleje@examiner.com,Female,982-202-9507
700,Fedora,Rozier,frozierjf@liveinternet.ru,Female,497-101-8022
701,Neale,Mattersley,nmattersleyjg@jalbum.net,Male,647-932-5161
702,Kurtis,D'Avaux,kdavauxjh@slate.com,Male,349-630-7117
703,Atlanta,Cowser,acowserji@feedburner.com,Female,190-692-3915
704,Jacki,Fancy,jfancyjj@columbia.edu,Female,378-703-3433
705,Redford,Jorgesen,rjorgesenjk@gmpg.org,Male,342-806-9408
706,Yul,Harome,yharomejl@tuttocitta.it,Male,100-332-3780
707,Binnie,Gatrill,bgatrilljm@smh.com.au,Female,892-827-0643
708,Clemente,Szymanski,cszymanskijn@infoseek.co.jp,Male,521-166-6566
709,Tamqrah,De la Eglise,tdelaeglisejo@bravesites.com,Female,854-185-7542
710,Gussi,Richard,grichardjp@jigsy.com,Female,538-760-2745
711,Pace,Papierz,ppapierzjq@clickbank.net,Male,188-897-4398
712,Dniren,Vasiltsov,dvasiltsovjr@hatena.ne.jp,Female,864-965-8224
713,Skippie,Thurlow,sthurlowjs@people.com.cn,Male,221-141-1307
714,Alexandr,Flint,aflintjt@weebly.com,Male,986-729-1472
715,Ollie,Fraanchyonok,ofraanchyonokju@flickr.com,Female,926-851-9754
716,Marti,Gail,mgailjv@admin.ch,Female,492-134-5403
717,Trumaine,Gutherson,tguthersonjw@bloomberg.com,Male,523-801-7657
718,Hailee,Gunningham,hgunninghamjx@twitpic.com,Female,349-250-5577
719,Whitaker,Trustie,wtrustiejy@usgs.gov,Male,952-339-5112
720,Nita,Polglaze,npolglazejz@java.com,Female,445-896-3437
721,Lesli,Meneghelli,lmeneghellik0@eepurl.com,Female,250-711-8033
722,Theodoric,Bridywater,tbridywaterk1@devhub.com,Male,219-204-7994
723,Myrah,Danielli,mdaniellik2@chicagotribune.com,Female,747-733-0818
724,Coleen,Boyland,cboylandk3@php.net,Female,844-685-3719
725,Tony,Sharpley,tsharpleyk4@wikipedia.org,Male,616-975-3993
726,Alberik,Rosenfeld,arosenfeldk5@desdev.cn,Male,866-572-7533
727,Thaddus,Vaune,tvaunek6@symantec.com,Male,504-417-9202
728,Faustina,Ribeiro,fribeirok7@intel.com,Female,989-887-3536
729,Vinson,Sawter,vsawterk8@webs.com,Male,652-665-6821
730,Barbara-anne,Adkin,badkink9@spotify.com,Female,488-376-1174
731,Angelique,Philott,aphilottka@answers.com,Female,733-689-6456
732,Charmane,Brawley,cbrawleykb@aboutads.info,Female,712-738-0141
733,Dorie,Kiffe,dkiffekc@bloomberg.com,Female,426-396-8240
734,Cull,Scottini,cscottinikd@creativecommons.org,Male,472-414-1134
735,Denice,O'Hickee,dohickeeke@deliciousdays.com,Female,475-903-7339
736,Glad,Cowthart,gcowthartkf@who.int,Female,431-872-7059
737,Charlean,Ferrarello,cferrarellokg@stanford.edu,Female,741-546-4912
738,Odella,Pentercost,opentercostkh@dropbox.com,Female,364-820-5054
739,Ezri,D'orsay,edorsayki@nih.gov,Male,691-541-1486
740,Alvin,Kem,akemkj@usa.gov,Male,498-626-4580
741,Filip,Vowells,fvowellskk@discuz.net,Male,737-203-0429
742,Garwin,Braisby,gbraisbykl@jiathis.com,Male,620-136-6928
743,Clarette,Dodd,cdoddkm@google.co.uk,Female,276-730-9373
744,Magdalene,Dougill,mdougillkn@cdc.gov,Female,407-633-0426
745,Claudius,Breacher,cbreacherko@surveymonkey.com,Male,338-930-6513
746,Yanaton,Leipelt,yleipeltkp@delicious.com,Male,965-413-5883
747,Quent,Eastman,qeastmankq@surveymonkey.com,Male,496-139-4977
748,Kenny,Wixon,kwixonkr@redcross.org,Male,599-366-6617
749,Leticia,Skeemer,lskeemerks@webnode.com,Female,700-117-2265
750,Shayne,Daintith,sdaintithkt@free.fr,Male,385-345-0197
751,Neilla,Werendell,nwerendellku@unicef.org,Female,834-839-0632
752,Giles,Rene,grenekv@shinystat.com,Male,305-463-0453
753,Ellis,Pringle,epringlekw@studiopress.com,Male,717-662-0170
754,West,Seelbach,wseelbachkx@weibo.com,Male,697-828-3053
755,Gawen,Harbisher,gharbisherky@ox.ac.uk,Male,760-123-9127
756,Marget,Bourke,mbourkekz@stumbleupon.com,Female,567-796-7978
757,Harlen,O'Feeney,hofeeneyl0@squidoo.com,Male,963-738-3482
758,Charisse,Throughton,cthroughtonl1@dion.ne.jp,Female,707-619-1803
759,Leila,Droogan,ldrooganl2@slideshare.net,Female,165-140-7036
760,Dynah,Edgerly,dedgerlyl3@google.it,Female,972-831-8530
761,Frederik,Sugars,fsugarsl4@ycombinator.com,Male,951-381-7812
762,Hoebart,Whiteford,hwhitefordl5@hao123.com,Male,406-180-9905
763,Katherine,Mulholland,kmulhollandl6@gnu.org,Female,725-721-5052
764,Boniface,Pettman,bpettmanl7@nymag.com,Male,578-636-5472
765,Northrop,Labba,nlabbal8@nbcnews.com,Male,156-109-7783
766,Leonhard,Blakeley,lblakeleyl9@moonfruit.com,Male,496-792-6588
767,Dale,Simic,dsimicla@virginia.edu,Male,915-791-4712
768,Waldemar,Dyte,wdytelb@issuu.com,Male,605-716-9838
769,Normy,O'Halleghane,nohalleghanelc@reuters.com,Male,199-937-1847
770,Sarena,Rosentholer,srosentholerld@oakley.com,Female,901-179-8333
771,Heriberto,Reavell,hreavellle@blogtalkradio.com,Male,240-256-3623
772,Lion,Kaley,lkaleylf@wordpress.com,Male,126-427-2522
773,Marleah,Tennewell,mtennewelllg@reverbnation.com,Female,160-239-7466
774,Franciska,Fulger,ffulgerlh@over-blog.com,Female,749-555-1682
775,Gustie,Lambol,glambolli@hhs.gov,Female,692-884-8860
776,Chancey,Beasleigh,cbeasleighlj@theglobeandmail.com,Male,798-138-4788
777,Margaretha,Constantine,mconstantinelk@163.com,Female,483-529-5526
778,Morris,McCourt,mmccourtll@gnu.org,Male,958-517-5752
779,Scott,Hemerijk,shemerijklm@sohu.com,Male,759-533-3722
780,Alwyn,Rubinlicht,arubinlichtln@opensource.org,Male,428-977-8928
781,Lamont,Trueman,ltruemanlo@spiegel.de,Male,775-554-6628
782,Jerrold,Frankham,jfrankhamlp@globo.com,Male,712-851-7841
783,Whitby,Dawbery,wdawberylq@answers.com,Male,675-141-8416
784,Shaun,Macallam,smacallamlr@vinaora.com,Male,406-729-0020
785,Shay,Bewicke,sbewickels@last.fm,Female,602-512-3132
786,Willette,Boggas,wboggaslt@unblog.fr,Female,822-710-6003
787,Estevan,Kippen,ekippenlu@theatlantic.com,Male,920-420-6850
788,Quent,Hartin,qhartinlv@mac.com,Male,966-547-6976
789,Atlanta,Prestage,aprestagelw@wix.com,Female,440-928-3087
790,Nicoli,Pickthall,npickthalllx@hc360.com,Female,998-180-6042
791,Jen,Norvel,jnorvelly@yale.edu,Female,476-794-3061
792,Crissy,Ferreres,cferrereslz@timesonline.co.uk,Female,717-665-7728
793,Andriana,Pikett,apikettm0@wired.com,Female,853-355-1485
794,Glenn,Nana,gnanam1@wikimedia.org,Male,556-996-0782
795,Lyell,Treadger,ltreadgerm2@nsw.gov.au,Male,428-735-7766
796,Christean,Mewe,cmewem3@reuters.com,Female,937-991-2751
797,Basilio,Neames,bneamesm4@unesco.org,Male,534-164-4334
798,Kalli,Lettuce,klettucem5@plala.or.jp,Female,481-552-0958
799,Prentice,Caldaro,pcaldarom6@japanpost.jp,Male,965-677-7165
800,Ciel,Casini,ccasinim7@shop-pro.jp,Female,284-250-3901
801,Rochette,Allin,rallinm8@newyorker.com,Female,704-830-4227
802,Cecilia,MacCumeskey,cmaccumeskeym9@1688.com,Female,173-915-3851
803,Rafaello,Craigs,rcraigsma@mail.ru,Male,558-448-1835
804,Mora,Browning,mbrowningmb@cafepress.com,Female,574-609-0111
805,Jennee,Laviste,jlavistemc@vkontakte.ru,Female,384-667-4603
806,Fern,Heather,fheathermd@123-reg.co.uk,Female,948-819-1187
807,Cletis,Polglase,cpolglaseme@google.ca,Male,288-703-3365
808,Bobina,Oen,boenmf@hp.com,Female,403-777-7812
809,Auberon,Stinchcombe,astinchcombemg@yandex.ru,Male,863-100-6034
810,Brade,Heenan,bheenanmh@merriam-webster.com,Male,203-387-8230
811,Leoine,Aldus,laldusmi@cpanel.net,Female,570-954-8502
812,Edith,Woffenden,ewoffendenmj@jigsy.com,Female,646-978-7981
813,Blondy,Eouzan,beouzanmk@arstechnica.com,Female,766-589-3705
814,Waverley,von Nassau,wvonnassauml@wp.com,Male,871-122-3211
815,Harris,Skeermer,hskeermermm@geocities.jp,Male,133-631-4581
816,Merline,Shireff,mshireffmn@blogs.com,Female,814-643-5696
817,Kendal,Islep,kislepmo@constantcontact.com,Male,911-353-7180
818,Ambros,Flett,aflettmp@netlog.com,Male,852-342-4617
819,Lutero,Chattaway,lchattawaymq@cocolog-nifty.com,Male,156-245-6218
820,Porter,Cleyburn,pcleyburnmr@bbc.co.uk,Male,848-216-1544
821,Frederick,Maffione,fmaffionems@berkeley.edu,Male,802-340-9006
822,Martica,Salthouse,msalthousemt@phpbb.com,Female,865-349-2638
823,Fredelia,Doding,fdodingmu@telegraph.co.uk,Female,379-995-1772
824,Paige,Weightman,pweightmanmv@upenn.edu,Male,230-711-8085
825,Dita,Palser,dpalsermw@dailymotion.com,Female,437-596-6471
826,Siusan,Rigeby,srigebymx@cornell.edu,Female,919-179-5384
827,Clarance,Hallows,challowsmy@utexas.edu,Male,167-432-6825
828,Benedetta,Archell,barchellmz@ed.gov,Female,800-328-5714
829,Corri,Fearenside,cfearensiden0@oakley.com,Female,909-599-2585
830,Cole,Throughton,cthroughtonn1@livejournal.com,Male,584-250-5646
831,Fifi,Lewsy,flewsyn2@apple.com,Female,305-180-6678
832,Lib,Chiles,lchilesn3@reverbnation.com,Female,259-271-0862
833,Ailene,Maplethorp,amaplethorpn4@youtube.com,Female,206-349-0737
834,Gayle,Giblett,ggiblettn5@163.com,Male,640-844-6348
835,Moritz,Viles,mvilesn6@dagondesign.com,Male,890-619-8130
836,Addi,Zaczek,azaczekn7@so-net.ne.jp,Female,478-480-5832
837,Aleksandr,Eddoes,aeddoesn8@foxnews.com,Male,706-914-2831
838,Giulio,Cashley,gcashleyn9@adobe.com,Male,951-718-4853
839,Tawsha,Ragsdale,tragsdalena@berkeley.edu,Female,634-738-3489
840,Emlen,Danels,edanelsnb@1688.com,Male,768-761-1383
841,Andee,Tanzer,atanzernc@wired.com,Female,525-980-2225
842,Xena,Armatage,xarmatagend@bbb.org,Female,157-386-6925
843,Victoria,Beccles,vbecclesne@naver.com,Female,426-632-6238
844,Quincy,Pinckney,qpinckneynf@alexa.com,Male,263-364-0269
845,Lanny,Kuhn,lkuhnng@wix.com,Male,868-265-9340
846,Dorelia,Vel,dvelnh@va.gov,Female,629-569-1067
847,Llywellyn,Pietranek,lpietranekni@indiegogo.com,Male,872-140-8730
848,Graig,Edge,gedgenj@360.cn,Male,641-817-5985
849,Caleb,Maric,cmaricnk@illinois.edu,Male,985-616-5218
850,Jacklyn,Armal,jarmalnl@pen.io,Female,196-330-1102
851,Halette,Sermin,hserminnm@ft.com,Female,187-277-0746
852,Cathi,De Mattia,cdemattiann@facebook.com,Female,949-702-0005
853,Daphne,Regelous,dregelousno@devhub.com,Female,789-265-4601
854,Stinky,Roarty,sroartynp@ask.com,Male,142-966-5586
855,Sheelah,Wingfield,swingfieldnq@exblog.jp,Female,371-974-4003
856,Chelsea,Sifleet,csifleetnr@spotify.com,Female,248-386-9227
857,Rowland,Punt,rpuntns@ed.gov,Male,291-278-9854
858,Kylie,Knappe,kknappent@about.com,Female,942-297-2222
859,Frannie,Laetham,flaethamnu@instagram.com,Female,152-672-7642
860,Hyman,Buzza,hbuzzanv@youtube.com,Male,339-585-2312
861,Anatol,Pettiward,apettiwardnw@com.com,Male,853-548-2818
862,Darcy,Champ,dchampnx@mtv.com,Female,205-591-2968
863,Querida,Emsley,qemsleyny@aboutads.info,Female,182-677-3132
864,Tiebout,Meco,tmeconz@tmall.com,Male,613-203-0128
865,Fabian,Schimonek,fschimoneko0@ca.gov,Male,394-174-0788
866,Slade,Neasam,sneasamo1@tinyurl.com,Male,852-612-6108
867,Kelley,Ewestace,kewestaceo2@domainmarket.com,Female,161-260-7992
868,Lil,Jeannel,ljeannelo3@mozilla.org,Female,476-499-9648
869,Simona,Sherrott,ssherrotto4@auda.org.au,Female,118-261-3765
870,Johannes,Bratten,jbratteno5@mit.edu,Male,518-242-7973
871,Vickie,Eagle,veagleo6@cornell.edu,Female,585-914-1245
872,Bobinette,Whitsey,bwhitseyo7@scientificamerican.com,Female,926-768-6423
873,Megen,Dericot,mdericoto8@cloudflare.com,Female,386-168-4731
874,Vince,Crowhurst,vcrowhursto9@ehow.com,Male,948-647-2040
875,Masha,Clyburn,mclyburnoa@phoca.cz,Female,532-130-6300
876,Laird,Wych,lwychob@t-online.de,Male,889-851-7143
877,Sherman,Goskar,sgoskaroc@utexas.edu,Male,903-921-6610
878,Silvano,Kolczynski,skolczynskiod@goo.ne.jp,Male,729-502-3918
879,Zollie,Kermeen,zkermeenoe@cam.ac.uk,Male,534-479-2902
880,Bartholomeus,Dacca,bdaccaof@webeden.co.uk,Male,154-587-4389
881,Silvan,Habin,shabinog@mysql.com,Male,690-661-2475
882,Anthea,Carbert,acarbertoh@msu.edu,Female,996-577-4578
883,Lucretia,Beaze,lbeazeoi@hud.gov,Female,912-351-4427
884,Cassi,Prudham,cprudhamoj@joomla.org,Female,436-473-9232
885,Elianora,Egginson,eegginsonok@nhs.uk,Female,739-681-1765
886,Carri,Roskam,croskamol@ehow.com,Female,551-285-3061
887,Sada,Nuscha,snuschaom@imgur.com,Female,749-680-2464
888,Malvin,Jouannot,mjouannoton@timesonline.co.uk,Male,689-532-2821
889,Falkner,Graine,fgraineoo@hhs.gov,Male,504-704-9111
890,Tammy,Sellstrom,tsellstromop@edublogs.org,Male,324-557-5209
891,Hurley,MacCahee,hmaccaheeoq@timesonline.co.uk,Male,356-284-6087
892,Heda,Mousby,hmousbyor@census.gov,Female,415-780-4161
893,Dav,Kinnock,dkinnockos@comsenz.com,Male,614-581-9700
894,Granthem,Hapgood,ghapgoodot@paypal.com,Male,786-389-4682
895,Adler,Probyn,aprobynou@squidoo.com,Male,930-867-8159
896,Tarah,Organ,torganov@artisteer.com,Female,648-871-5398
897,Rickey,Stollen,rstollenow@ustream.tv,Male,674-417-1630
898,Melissa,Andrin,mandrinox@census.gov,Female,413-839-3610
899,Roobbie,Wolpert,rwolpertoy@blog.com,Female,971-158-0044
900,Casper,Philpot,cphilpotoz@nytimes.com,Male,367-687-5496
901,Mandy,Dommett,mdommettp0@vkontakte.ru,Female,701-542-0155
902,Chad,Ridehalgh,cridehalghp1@craigslist.org,Male,503-576-6685
903,Gael,Mapstone,gmapstonep2@infoseek.co.jp,Female,953-235-6135
904,Gianina,Carleton,gcarletonp3@foxnews.com,Female,905-540-4620
905,Audra,Goodlad,agoodladp4@wikimedia.org,Female,188-181-9696
906,Hube,Giacomelli,hgiacomellip5@shareasale.com,Male,489-452-7490
907,Camille,Hun,chunp6@yellowbook.com,Female,389-959-5440
908,Conny,Mewitt,cmewittp7@uol.com.br,Female,104-669-2830
909,Sallyann,Hegden,shegdenp8@ft.com,Female,722-806-5483
910,Hobie,Riach,hriachp9@digg.com,Male,776-739-6915
911,Edin,Helix,ehelixpa@multiply.com,Female,538-656-6769
912,Westley,Ivanichev,wivanichevpb@deliciousdays.com,Male,806-944-9940
913,Anthony,Lillford,alillfordpc@purevolume.com,Male,200-469-3117
914,Gothart,Studdert,gstuddertpd@ucla.edu,Male,945-547-9401
915,Emmalee,Nutkin,enutkinpe@etsy.com,Female,116-524-4595
916,Everard,Boggish,eboggishpf@dailymail.co.uk,Male,232-779-8376
917,Pail,Kneesha,pkneeshapg@google.fr,Male,186-103-0004
918,Merna,Stebbins,mstebbinsph@ovh.net,Female,544-385-4629
919,Lishe,Jeayes,ljeayespi@nasa.gov,Female,322-817-4515
920,Trstram,Gever,tgeverpj@tmall.com,Male,284-614-6920
921,Elston,Skill,eskillpk@nsw.gov.au,Male,590-370-8319
922,Carmine,Beacroft,cbeacroftpl@ft.com,Female,178-372-0855
923,Barr,Gunney,bgunneypm@e-recht24.de,Male,468-154-1671
924,Lorenzo,Shurmer,lshurmerpn@geocities.jp,Male,110-461-0782
925,Cchaddie,Woolvett,cwoolvettpo@qq.com,Male,282-507-5344
926,Ax,Conti,acontipp@cbslocal.com,Male,802-542-7006
927,Edyth,Presland,epreslandpq@woothemes.com,Female,957-176-6231
928,Ronnica,Paule,rpaulepr@lycos.com,Female,553-923-5494
929,Lisle,Fairest,lfairestps@163.com,Male,899-100-8979
930,Lynna,McBrady,lmcbradypt@devhub.com,Female,673-189-2517
931,Merrie,Juschke,mjuschkepu@slate.com,Female,615-814-4045
932,Yolande,Suthren,ysuthrenpv@github.com,Female,327-812-2724
933,Clarey,Overstall,coverstallpw@ca.gov,Female,657-501-6520
934,Margalit,Rickeard,mrickeardpx@hatena.ne.jp,Female,784-791-9034
935,Nixie,Maffeo,nmaffeopy@123-reg.co.uk,Female,909-753-4694
936,Anni,Ezzell,aezzellpz@freewebs.com,Female,194-285-7097
937,Kellen,Loseke,klosekeq0@mapquest.com,Female,201-236-9484
938,Hobard,Candie,hcandieq1@cbc.ca,Male,585-508-8392
939,Glenda,Charlesworth,gcharlesworthq2@utexas.edu,Female,422-794-5345
940,Jenni,Sayce,jsayceq3@auda.org.au,Female,635-225-6880
941,Siegfried,Noller,snollerq4@zdnet.com,Male,549-523-1960
942,Bronson,Pyper,bpyperq5@topsy.com,Male,380-741-2318
943,Fanny,Bateman,fbatemanq6@cafepress.com,Female,770-723-4472
944,Ginnifer,Gregs,ggregsq7@netscape.com,Female,977-943-2351
945,Teddi,Ballendine,tballendineq8@163.com,Female,588-345-9575
946,Aeriell,Oventon,aoventonq9@blogger.com,Female,156-531-0799
947,Mirabelle,Itzkovsky,mitzkovskyqa@edublogs.org,Female,786-279-3806
948,Ronny,Aprahamian,raprahamianqb@flavors.me,Male,208-726-3351
949,Mariellen,Loughlan,mloughlanqc@forbes.com,Female,519-185-1588
950,Allx,Ivic,aivicqd@wikispaces.com,Female,269-940-9415
951,Yulma,Wade,ywadeqe@squidoo.com,Male,586-852-2430
952,Jaime,Meddemmen,jmeddemmenqf@discuz.net,Female,612-935-6339
953,Carlota,Bennetts,cbennettsqg@oracle.com,Female,647-913-9291
954,Chrisy,Surtees,csurteesqh@businesswire.com,Male,128-961-2720
955,Lurline,Yanukhin,lyanukhinqi@cloudflare.com,Female,811-365-5322
956,Nora,Allsup,nallsupqj@nasa.gov,Female,655-129-3052
957,Rawley,Hyett,rhyettqk@prnewswire.com,Male,182-647-9614
958,Charlton,Von Salzberg,cvonsalzbergql@dropbox.com,Male,551-729-2918
959,Shaine,Sabine,ssabineqm@sina.com.cn,Female,737-738-4408
960,Rachele,Thackston,rthackstonqn@sitemeter.com,Female,882-827-0307
961,Lisha,Rigbye,lrigbyeqo@mit.edu,Female,331-897-0407
962,Sully,Tassel,stasselqp@google.fr,Male,333-185-5751
963,Owen,Spatoni,ospatoniqq@globo.com,Male,511-236-6409
964,Celestyn,Boman,cbomanqr@technorati.com,Female,921-553-7323
965,Emmott,Peacock,epeacockqs@dropbox.com,Male,386-423-2661
966,Wally,Muriel,wmurielqt@vinaora.com,Female,563-409-4553
967,Rozella,Sixsmith,rsixsmithqu@va.gov,Female,943-499-3990
968,Nelly,Ucceli,nucceliqv@github.io,Female,907-648-8572
969,Corbett,Lordon,clordonqw@bandcamp.com,Male,425-921-1514
970,Pippo,Dunge,pdungeqx@prnewswire.com,Male,337-135-4269
971,Merwin,Parish,mparishqy@gov.uk,Male,466-218-1501
972,Fabiano,Beachamp,fbeachampqz@unc.edu,Male,374-459-9318
973,Tracie,Fellnee,tfellneer0@nbcnews.com,Female,912-665-7269
974,Boniface,Lanyon,blanyonr1@icq.com,Male,757-218-3269
975,Clarine,McCrainor,cmccrainorr2@stanford.edu,Female,241-382-1551
976,Roddie,Dunbavin,rdunbavinr3@bbb.org,Male,692-610-0533
977,Isaac,Novakovic,inovakovicr4@jimdo.com,Male,888-134-6552
978,Ellwood,Abells,eabellsr5@latimes.com,Male,404-704-0589
979,Sheri,Belliard,sbelliardr6@ucla.edu,Female,187-733-4110
980,Shaine,Oldford,soldfordr7@shop-pro.jp,Female,630-823-0416
981,Rhona,Svanetti,rsvanettir8@123-reg.co.uk,Female,739-814-1714
982,Ryun,Conws,rconwsr9@soundcloud.com,Male,113-422-5078
983,Shalom,Tolomelli,stolomellira@telegraph.co.uk,Male,759-349-6977
984,Nigel,Bamell,nbamellrb@myspace.com,Male,115-588-4306
985,Alain,Sheere,asheererc@elpais.com,Male,332-526-1854
986,Giffard,Gilhooley,ggilhooleyrd@ebay.com,Male,642-954-9970
987,Trixie,Willimont,twillimontre@163.com,Female,247-274-8617
988,Wendall,Cuvley,wcuvleyrf@wikia.com,Male,454-783-7877
989,Freemon,Kenneway,fkennewayrg@theguardian.com,Male,896-436-2146
990,Hayden,Crusham,hcrushamrh@qq.com,Male,818-125-5239
991,Zolly,Yurikov,zyurikovri@diigo.com,Male,189-709-3712
992,Jarret,Lottrington,jlottringtonrj@diigo.com,Male,289-220-1468
993,Jeremiah,Franseco,jfransecork@netlog.com,Male,368-681-0848
994,Aprilette,Fowlie,afowlierl@w3.org,Female,273-950-1068
995,Nicol,Picheford,npichefordrm@msu.edu,Female,978-478-4120
996,Cristobal,Matthesius,cmatthesiusrn@auda.org.au,Male,675-222-5455
997,Page,Crocroft,pcrocroftro@deviantart.com,Female,518-286-5935
998,Stinky,Frotton,sfrottonrp@netlog.com,Male,980-604-6670
999,Raimund,Padly,rpadlyrq@comcast.net,Male,221-413-3672
1000,Ardelis,Casetta,acasettarr@accuweather.com,Female,834-962-8209
